Date,GOOG,MSFT,NVDA
2020-01-02,68.04620361328125,153.0422821044922,5.972160816192627
2020-01-03,67.7122802734375,151.13662719726562,5.876570701599121
2020-01-06,69.38188171386719,151.52732849121094,5.9012131690979
2020-01-07,69.33857727050781,150.14572143554688,5.972660064697266
2020-01-08,69.88500213623047,152.53732299804688,5.983860969543457
2020-01-09,70.6568374633789,154.4429473876953,6.049580097198486
2020-01-10,71.1495132446289,153.72833251953125,6.0819411277771
2020-01-13,71.62226104736328,155.57681274414062,6.272624969482422
2020-01-14,71.20672607421875,154.48109436035156,6.15562629699707
2020-01-15,71.62076568603516,155.4815216064453,6.113056659698486
2020-01-16,72.2428207397461,158.3304443359375,6.196700096130371
2020-01-17,73.67056274414062,159.21661376953125,6.205411434173584
2020-01-21,73.87010955810547,158.64486694335938,6.172055721282959
2020-01-22,73.94725036621094,157.88259887695312,6.226073741912842
2020-01-23,73.98208618164062,158.85452270507812,6.294530868530273
2020-01-24,72.98979187011719,157.25379943847656,6.235284328460693
2020-01-27,71.35702514648438,154.62400817871094,5.979381084442139
2020-01-28,72.28561401367188,157.6540069580078,6.172801494598389
2020-01-29,72.58769226074219,160.1122589111328,6.112310886383057
2020-01-30,72.44884490966797,164.6286163330078,6.119032382965088
2020-01-31,71.37344360351562,162.19894409179688,5.885532855987549
2020-02-03,73.9467544555664,166.1531219482422,5.982616424560547
2020-02-04,72.01242065429688,171.62234497070312,6.151891231536865
2020-02-05,72.07014465332031,171.41270446777344,6.242255210876465
2020-02-06,73.46354675292969,174.9667510986328,6.329131126403809
2020-02-07,73.61283874511719,175.2144775390625,6.262916564941406
2020-02-10,75.07839965820312,179.7975311279297,6.546201705932617
2020-02-11,75.08386993408203,175.73854064941406,6.668677806854248
2020-02-12,75.55563354492188,175.9957733154297,6.784431457519531
2020-02-13,75.37598419189453,175.04296875,6.740618705749512
2020-02-14,75.67855072021484,176.6055908203125,7.213841915130615
2020-02-18,75.62529754638672,178.3968963623047,7.382618427276611
2020-02-19,75.97465515136719,178.9319305419922,7.833935260772705
2020-02-20,75.5496597290039,176.1994171142578,7.684574604034424
2020-02-21,73.90544891357422,170.62930297851562,7.320384502410889
2020-02-24,70.74441528320312,163.27252197265625,6.802851676940918
2020-02-25,69.09523010253906,160.5782470703125,6.523298263549805
2020-02-26,69.33060455322266,162.5845947265625,6.662702560424805
2020-02-27,65.59381866455078,151.12905883789062,6.2918195724487305
2020-02-28,66.65080261230469,154.78834533691406,6.726964473724365
2020-03-02,69.12808227539062,165.08782958984375,6.885383605957031
2020-03-03,66.75332641601562,157.17694091796875,6.622849941253662
2020-03-04,68.99919128417969,162.9476776123047,7.086641311645508
2020-03-05,65.64109802246094,158.85848999023438,6.807170867919922
2020-03-06,64.61445617675781,154.36798095703125,6.626586437225342
2020-03-09,60.49148178100586,143.90603637695312,6.113476753234863
2020-03-10,63.71770477294922,153.74693298339844,6.5030412673950195
2020-03-11,60.4840202331543,146.78195190429688,6.139130592346191
2020-03-12,55.482704162597656,132.86134338378906,5.387900352478027
2020-03-13,60.698997497558594,151.75013732910156,5.998897075653076
2020-03-16,53.960914611816406,129.3835906982422,4.891976356506348
2020-03-17,55.72605514526367,140.03662109375,5.411810398101807
2020-03-18,54.58147430419922,134.14161682128906,5.051889419555664
2020-03-19,55.501617431640625,136.34864807128906,5.304705619812012
2020-03-20,53.363250732421875,131.2275848388672,5.124869346618652
2020-03-23,52.58195114135742,129.91864013671875,5.297730445861816
2020-03-24,56.45560073852539,141.7277069091797,6.206632614135742
2020-03-25,54.86463928222656,140.37100219726562,6.117959022521973
2020-03-26,57.81366729736328,149.15135192871094,6.407392501831055
2020-03-27,55.27369689941406,143.02703857421875,6.295057773590088
2020-03-30,57.07068634033203,153.0876922607422,6.615376949310303
2020-03-31,57.866416931152344,150.68002319335938,6.565810203552246
2020-04-01,55.02039337158203,145.3296356201172,6.054442882537842
2020-04-02,55.777809143066406,148.3392333984375,6.363306045532227
2020-04-03,54.635223388671875,146.97300720214844,6.075367450714111
2020-04-06,59.06623840332031,157.90304565429688,6.68536901473999
2020-04-07,59.045833587646484,156.20240783691406,6.4519782066345215
2020-04-08,60.22873306274414,157.7692413330078,6.649251937866211
2020-04-09,60.286949157714844,157.77886962890625,6.549619674682617
2020-04-13,60.59101104736328,158.13232421875,6.721485137939453
2020-04-14,63.162330627441406,165.9572296142578,7.072691917419434
2020-04-15,62.825927734375,164.21841430664062,6.995227336883545
2020-04-16,62.875694274902344,169.1483917236328,7.340455532073975
2020-04-17,63.86003112792969,170.63885498046875,7.281175136566162
2020-04-20,63.031951904296875,167.25665283203125,7.149906158447266
2020-04-21,60.530303955078125,160.33938598632812,6.713017463684082
2020-04-22,62.86275100708008,165.7852783203125,7.127490043640137
2020-04-23,63.51466369628906,163.77894592285156,7.074186325073242
2020-04-24,63.66395950317383,166.76939392089844,7.213173866271973
2020-04-27,63.49326705932617,166.29168701171875,7.399738311767578
2020-04-28,61.3927116394043,162.2406768798828,7.257261276245117
2020-04-29,66.7577896118164,169.52098083496094,7.434109687805176
2020-04-30,67.1151123046875,171.2216796875,7.280177116394043
2020-05-01,65.71922302246094,166.78848266601562,7.043549060821533
2020-05-04,66.02725982666016,170.86813354492188,7.255518913269043
2020-05-05,67.2370376586914,172.70254516601562,7.316544055938721
2020-05-06,67.04742431640625,174.4031982421875,7.417421340942383
2020-05-07,68.30448150634766,175.41595458984375,7.593772888183594
2020-05-08,69.09125518798828,176.44786071777344,7.783822059631348
2020-05-11,69.83224487304688,178.416015625,8.035895347595215
2020-05-12,68.46273803710938,174.37460327148438,7.773858070373535
2020-05-13,67.14845275878906,171.73760986328125,7.751441478729248
2020-05-14,67.48685455322266,172.48281860351562,8.001021385192871
2020-05-15,68.3358383178711,174.9955596923828,8.45958423614502
2020-05-18,68.87079620361328,176.66758728027344,8.718130111694336
2020-05-19,68.35050964355469,175.4446258544922,8.773176193237305
2020-05-20,70.00443267822266,177.87815856933594,8.9370756149292
2020-05-21,69.80935668945312,175.7416229248047,8.743040084838867
2020-05-22,70.18855285644531,175.8182830810547,8.993115425109863
2020-05-26,70.5169906616211,173.95960998535156,8.685747146606445
2020-05-27,70.55780029296875,174.18955993652344,8.493956565856934
2020-05-28,70.50257110595703,173.7967529296875,8.45584487915039
2020-05-29,71.10919952392578,175.56918334960938,8.84291934967041
2020-06-01,71.25350952148438,175.1667938232422,8.773924827575684
2020-06-02,71.62176513671875,177.1596221923828,8.792855262756348
2020-06-03,71.48043823242188,177.5907440185547,8.737308502197266
2020-06-04,70.27613830566406,175.2530059814453,8.738306045532227
2020-06-05,71.58045959472656,179.3536376953125,8.891310691833496
2020-06-08,71.9895248413086,180.4650115966797,8.77668285369873
2020-06-09,72.46476745605469,181.84466552734375,9.016907691955566
2020-06-10,72.94699096679688,188.58961486816406,9.336626052856445
2020-06-11,69.8611068725586,178.46263122558594,8.767962455749512
2020-06-12,70.3259048461914,179.8709716796875,8.903772354125977
2020-06-15,70.65782928466797,181.0207061767578,9.144245147705078
2020-06-16,71.79594421386719,185.45663452148438,9.039334297180176
2020-06-17,72.2139663696289,186.09857177734375,9.206296920776367
2020-06-18,71.45952606201172,188.0913543701172,9.1883544921875
2020-06-19,71.24853515625,186.9704132080078,9.231466293334961
2020-06-22,72.25078582763672,192.16323852539062,9.496111869812012
2020-06-23,72.87532043457031,193.44708251953125,9.419607162475586
2020-06-24,71.26097869873047,189.54766845703125,9.20579719543457
2020-06-25,71.72676086425781,191.94287109375,9.459481239318848
2020-06-26,67.67446899414062,188.10096740722656,9.125558853149414
2020-06-29,69.41969299316406,190.12249755859375,9.170412063598633
2020-06-30,70.34729766845703,194.98001098632812,9.467203140258789
2020-07-01,71.56304168701172,196.1201629638672,9.499350547790527
2020-07-02,72.88976287841797,197.61476135253906,9.581336975097656
2020-07-06,74.43244934082031,201.86862182617188,9.807604789733887
2020-07-07,73.908935546875,199.5213623046875,9.840002059936523
2020-07-08,74.4473876953125,203.9093780517578,10.183146476745605
2020-07-09,75.193359375,205.33689880371094,10.475200653076172
2020-07-10,76.72359466552734,204.71412658691406,10.445548057556152
2020-07-13,75.21076965332031,198.39077758789062,10.019923210144043
2020-07-14,75.67058563232422,199.6171417236328,10.3436279296875
2020-07-15,75.32522583007812,199.3201446533203,10.19435977935791
2020-07-16,75.54219818115234,195.37283325195312,10.102156639099121
2020-07-17,75.42027282714844,194.3764190673828,10.16869068145752
2020-07-20,77.91695404052734,202.73092651367188,10.476946830749512
2020-07-21,77.55365753173828,200.00038146972656,10.295283317565918
2020-07-22,78.05480194091797,202.87460327148438,10.405176162719727
2020-07-23,75.42674255371094,194.0506134033203,10.097173690795898
2020-07-24,75.23713684082031,192.8626251220703,10.161712646484375
2020-07-27,76.14932250976562,195.3057403564453,10.387983322143555
2020-07-28,74.66336059570312,193.55247497558594,10.182647705078125
2020-07-29,75.74225616455078,195.50692749023438,10.431842803955078
2020-07-30,76.21154022216797,195.35365295410156,10.579866409301758
2020-07-31,73.7984619140625,196.41714477539062,10.580611228942871
2020-08-03,73.37496185302734,207.4638214111328,10.97484016418457
2020-08-04,72.9031982421875,204.35008239746094,11.191642761230469
2020-08-05,73.3331527709961,204.01475524902344,11.250450134277344
2020-08-06,74.65141296386719,207.2818145751953,11.299041748046875
2020-08-07,74.37223815917969,203.57400512695312,11.163480758666992
2020-08-10,74.45235443115234,199.5213623046875,11.129093170166016
2020-08-11,73.66708374023438,194.85545349121094,10.815106391906738
2020-08-12,74.97587585449219,200.42193603515625,11.403457641601562
2020-08-13,75.56458282470703,199.95248413085938,11.406197547912598
2020-08-14,75.03112030029297,200.1441192626953,11.526810646057129
2020-08-17,75.54120635986328,201.4662628173828,12.297324180603027
2020-08-18,77.56262969970703,202.6255340576172,12.221318244934082
2020-08-19,77.01173400878906,201.396240234375,12.09946060180664
2020-08-20,78.71467590332031,206.08297729492188,12.101953506469727
2020-08-21,78.64849090576172,204.58477783203125,12.642709732055664
2020-08-24,79.03565216064453,205.228271484375,12.679341316223145
2020-08-25,80.03192901611328,207.89813232421875,12.70899486541748
2020-08-26,82.22952270507812,212.392822265625,12.731921195983887
2020-08-27,81.3312759399414,217.60777282714844,12.58763599395752
2020-08-28,81.83289337158203,219.84552001953125,13.105464935302734
2020-08-31,81.32380676269531,216.5994110107422,13.331486701965332
2020-09-01,82.64405822753906,218.27047729492188,13.78067398071289
2020-09-02,86.00663757324219,222.4770050048828,14.30463981628418
2020-09-03,81.70500946044922,208.69528198242188,12.977522850036621
2020-09-04,79.17698669433594,205.76608276367188,12.585667610168457
2020-09-08,76.25830841064453,194.63494873046875,11.878240585327148
2020-09-09,77.48101043701172,202.92327880859375,12.677899360656738
2020-09-10,76.2398910522461,197.23765563964844,12.275825500488281
2020-09-11,75.67755889892578,195.9507293701172,12.129005432128906
2020-09-14,75.60588836669922,197.27610778808594,12.834689140319824
2020-09-15,76.70867156982422,200.51266479492188,12.953095436096191
2020-09-16,75.68650817871094,196.93031311035156,12.477986335754395
2020-09-17,74.42399597167969,194.87510681152344,12.427132606506348
2020-09-18,72.6553726196289,192.45484924316406,12.153684616088867
2020-09-21,71.22066497802734,194.5196990966797,12.480727195739746
2020-09-22,72.92758178710938,199.20651245117188,12.600875854492188
2020-09-23,70.42692565917969,192.6469268798828,12.088372230529785
2020-09-24,71.07783508300781,195.14405822753906,12.311967849731445
2020-09-25,71.90741729736328,199.59066772460938,12.836186408996582
2020-09-28,72.88080596923828,201.1465301513672,12.996966361999512
2020-09-29,73.12016296386719,199.05284118652344,13.187162399291992
2020-09-30,73.13360595703125,202.00128173828125,13.491022109985352
2020-10-01,74.15327453613281,204.0469207763672,13.574776649475098
2020-10-02,72.57723236083984,198.02523803710938,13.024137496948242
2020-10-05,73.95073699951172,202.04931640625,13.602693557739258
2020-10-06,72.32940673828125,197.7563018798828,13.696419715881348
2020-10-07,72.67030334472656,201.52105712890625,13.923255920410156
2020-10-08,73.94625854492188,202.24139404296875,13.798371315002441
2020-10-09,75.40384674072266,207.2642822265625,13.722591400146484
2020-10-12,78.08763885498047,212.63290405273438,14.184491157531738
2020-10-13,78.21354675292969,214.03509521484375,14.206676483154297
2020-10-14,78.03439331054688,212.11428833007812,14.054122924804688
2020-10-15,77.58899688720703,210.9618377685547,13.929235458374023
2020-10-16,78.27973175048828,210.9618377685547,13.771201133728027
2020-10-19,76.3687744140625,205.73724365234375,13.458365440368652
2020-10-20,77.42976379394531,206.15020751953125,13.605684280395508
2020-10-21,79.2899398803711,206.2943115234375,13.485286712646484
2020-10-22,80.38575744628906,206.38070678710938,13.322013854980469
2020-10-23,81.66321563720703,207.6676483154297,13.550596237182617
2020-10-26,79.14761352539062,201.76113891601562,13.1029052734375
2020-10-27,79.83486938476562,204.8056640625,13.357660293579102
2020-10-28,75.47352600097656,194.65420532226562,12.590155601501465
2020-10-29,77.99259948730469,196.61343383789062,12.986000061035156
2020-10-30,80.66841125488281,194.45252990722656,12.497428894042969
2020-11-02,80.9182357788086,194.31809997558594,12.54404067993164
2020-11-03,82.12153625488281,198.25572204589844,12.981510162353516
2020-11-04,87.0442123413086,207.8213348388672,13.754000663757324
2020-11-05,87.75286102294922,214.44805908203125,14.118683815002441
2020-11-06,87.6722412109375,214.8610382080078,14.519509315490723
2020-11-09,87.73445129394531,209.74209594726562,13.590977668762207
2020-11-10,86.6092758178711,202.6543426513672,12.73274040222168
2020-11-11,87.22236633300781,207.97499084472656,13.378849029541016
2020-11-12,87.07955169677734,206.9088897705078,13.417485237121582
2020-11-13,88.43214416503906,207.9365692138672,13.258198738098145
2020-11-16,88.64911651611328,208.62803649902344,13.475814819335938
2020-11-17,88.09026336669922,205.9677276611328,13.383085250854492
2020-11-18,86.92726135253906,203.2523193359375,13.389567375183105
2020-11-19,87.78022766113281,204.54263305664062,13.401034355163574
2020-11-20,86.69886016845703,202.58787536621094,13.049559593200684
2020-11-23,86.33407592773438,202.31829833984375,13.101658821105957
2020-11-24,88.02705383300781,205.92926025390625,12.919941902160645
2020-11-25,88.15396118164062,205.93882751464844,13.196131706237793
2020-11-27,89.2368392944336,207.2484130859375,13.222554206848145
2020-11-30,87.62198638916016,206.13143920898438,13.362394332885742
2020-12-01,89.48117065429688,208.19210815429688,13.350930213928223
2020-12-02,90.96664428710938,207.38320922851562,13.50497817993164
2020-12-03,90.90791320800781,206.29513549804688,13.360859870910645
2020-12-04,90.9686279296875,206.41070556640625,13.522686958312988
2020-12-07,90.54513549804688,206.34324645996094,13.571053504943848
2020-12-08,90.49884796142578,207.99948120117188,13.314981460571289
2020-12-09,88.78596496582031,203.9456329345703,12.896828651428223
2020-12-10,88.3480453491211,202.7130584716797,12.938218116760254
2020-12-11,88.66852569580078,205.35147094726562,12.97911262512207
2020-12-14,87.58814239501953,206.25662231445312,13.273838996887207
2020-12-15,87.97183227539062,206.18922424316406,13.325451850891113
2020-12-16,87.73445129394531,211.14825439453125,13.207761764526367
2020-12-17,86.98300170898438,211.28302001953125,13.306253433227539
2020-12-18,86.14249420166016,210.48379516601562,13.237183570861816
2020-12-21,86.55851745605469,214.3354949951172,13.297274589538574
2020-12-22,85.76876068115234,215.63540649414062,13.243417739868164
2020-12-23,86.21066284179688,212.82371520996094,12.975123405456543
2020-12-24,86.53263854980469,214.48953247070312,12.959662437438965
2020-12-28,88.3858642578125,216.61761474609375,12.866158485412598
2020-12-29,87.5214614868164,215.83758544921875,12.909294128417969
2020-12-30,86.56597900390625,213.45919799804688,13.111263275146484
2020-12-31,87.18108367919922,214.17178344726562,13.020752906799316
2021-01-04,86.004638671875,209.61720275878906,13.07909870147705
2021-01-05,86.63565063476562,209.8194122314453,13.369587898254395
2021-01-06,86.35548400878906,204.37893676757812,12.58141040802002
2021-01-07,88.94123840332031,210.19493103027344,13.308993339538574
2021-01-08,89.93452453613281,211.47560119628906,13.24191951751709
2021-01-11,87.91957092285156,209.4246368408203,13.58576774597168
2021-01-12,86.91581726074219,206.95953369140625,13.44937515258789
2021-01-13,87.30648040771484,208.3172607421875,13.496252059936523
2021-01-14,86.59883117675781,205.120361328125,13.165619850158691
2021-01-15,86.4002685546875,204.76409912109375,12.825765609741211
2021-01-19,89.12088012695312,208.41354370117188,12.991082191467285
2021-01-20,93.9002456665039,216.0205841064453,13.33068561553955
2021-01-21,94.1167221069336,216.62725830078125,13.831121444702148
2021-01-22,94.60440826416016,217.5708770751953,13.67652702331543
2021-01-25,94.52230072021484,221.01806640625,13.617433547973633
2021-01-26,95.41008758544922,223.71426391601562,13.400005340576172
2021-01-27,91.10796356201172,224.26316833496094,12.883865356445312
2021-01-28,92.71634674072266,230.0695037841797,13.016761779785156
2021-01-29,91.35430908203125,223.35800170898438,12.955673217773438
2021-02-01,94.61933898925781,230.76283264160156,13.202275276184082
2021-02-02,95.92117309570312,230.62802124023438,13.521186828613281
2021-02-03,103.01556396484375,233.9886016845703,13.495007514953613
2021-02-04,102.63239288330078,233.03530883789062,13.628403663635254
2021-02-05,104.4054946899414,233.21826171875,13.55534839630127
2021-02-08,104.15219116210938,233.47825622558594,14.400873184204102
2021-02-09,103.68440246582031,234.73004150390625,14.225835800170898
2021-02-10,104.27510070800781,233.81527709960938,14.725519180297852
2021-02-11,104.30048370361328,235.42333984375,15.21074104309082
2021-02-12,104.70954132080078,235.90480041503906,14.922002792358398
2021-02-16,105.59485626220703,234.66262817382812,15.290034294128418
2021-02-17,105.9138412475586,235.6856689453125,14.866897583007812
2021-02-18,105.3609619140625,235.28997802734375,14.790099143981934
2021-02-19,104.5617446899414,232.56826782226562,14.88734245300293
2021-02-22,102.7573013305664,226.33349609375,14.318090438842773
2021-02-23,103.05487823486328,225.13674926757812,14.104899406433105
2021-02-24,104.26465606689453,226.3721466064453,14.46096420288086
2021-02-25,101.08919525146484,221.00601196289062,13.272592544555664
2021-02-26,101.36289978027344,224.2777862548828,13.678522109985352
2021-03-01,103.58487701416016,228.67880249023438,13.805441856384277
2021-03-02,103.3027114868164,225.7158203125,13.371081352233887
2021-03-03,100.85779571533203,219.62582397460938,12.771160125732422
2021-03-04,101.97151184082031,218.82472229003906,12.337798118591309
2021-03-05,104.93000030517578,223.52499389648438,12.428808212280273
2021-03-08,100.73138427734375,219.46177673339844,11.562836647033691
2021-03-09,102.15116119384766,225.6289520263672,12.491716384887695
2021-03-10,102.26712036132812,224.31637573242188,12.439834594726562
2021-03-11,105.24004364013672,228.86215209960938,12.963887214660645
2021-03-12,102.60999298095703,227.53028869628906,12.826700210571289
2021-03-15,102.83741760253906,226.62310791015625,13.161187171936035
2021-03-16,104.13277435302734,229.42198181152344,13.260960578918457
2021-03-17,104.06111145019531,228.7753143310547,13.310845375061035
2021-03-18,101.3310546875,222.67567443847656,12.693506240844727
2021-03-19,101.67841339111328,222.3185577392578,12.816473960876465
2021-03-22,101.44898223876953,227.7619171142578,13.156195640563965
2021-03-23,102.16410827636719,229.29649353027344,13.040960311889648
2021-03-24,101.77095794677734,227.2504119873047,12.614184379577637
2021-03-25,101.73612976074219,224.2391815185547,12.506680488586426
2021-03-26,101.2977066040039,228.2348175048828,12.809988021850586
2021-03-29,102.31289672851562,227.0380859375,12.918740272521973
2021-03-30,102.29248809814453,223.7663116455078,12.842411994934082
2021-03-31,102.94391632080078,227.54959106445312,13.317829132080078
2021-04-01,106.38361358642578,233.90016174316406,13.7802734375
2021-04-05,110.75292205810547,240.3858642578125,13.955622673034668
2021-04-06,110.71311950683594,239.2180633544922,13.829907417297363
2021-04-07,111.95374298095703,241.1868896484375,14.11126708984375
2021-04-08,112.73802947998047,244.4201202392578,14.284370422363281
2021-04-09,113.75520324707031,246.92950439453125,14.367180824279785
2021-04-12,112.20803833007812,246.9874267578125,15.174338340759277
2021-04-13,112.82909393310547,249.4774627685547,15.64376449584961
2021-04-14,112.21051025390625,246.67852783203125,15.24218463897705
2021-04-15,114.29166412353516,250.45217895507812,16.100481033325195
2021-04-16,114.34640502929688,251.64898681640625,15.876235008239746
2021-04-19,114.57731628417969,249.71875,15.326739311218262
2021-04-20,114.14087677001953,249.2554473876953,15.136673927307129
2021-04-21,114.12395477294922,251.49453735351562,15.325494766235352
2021-04-22,112.86144256591797,248.20347595214844,14.81640625
2021-04-23,115.21926879882812,252.04469299316406,15.230459213256836
2021-04-26,115.78856658935547,252.4307861328125,15.44272518157959
2021-04-27,114.81220245361328,252.8360595703125,15.346693992614746
2021-04-28,118.43453979492188,245.68446350097656,15.241934776306152
2021-04-29,120.9217529296875,243.7059326171875,15.289824485778809
2021-04-30,119.93791198730469,243.387451171875,14.975293159484863
2021-05-03,119.19393920898438,243.07859802246094,14.802935600280762
2021-05-04,117.1575927734375,239.15049743652344,14.318543434143066
2021-05-05,117.28150177001953,237.87652587890625,14.425548553466797
2021-05-06,118.50619506835938,241.0228271484375,14.48990249633789
2021-05-07,119.36911010742188,243.65768432617188,14.778491973876953
2021-05-10,116.53105926513672,238.561767578125,14.233237266540527
2021-05-11,114.89381408691406,237.64488220214844,14.273645401000977
2021-05-12,111.42623138427734,230.66696166992188,13.727145195007324
2021-05-13,112.56533813476562,234.55645751953125,13.634105682373047
2021-05-14,115.2620620727539,239.4979248046875,14.210538864135742
2021-05-17,115.52333068847656,236.63150024414062,14.133214950561523
2021-05-18,114.6285629272461,234.604736328125,13.983808517456055
2021-05-19,114.89132690429688,235.1851348876953,14.03369426727295
2021-05-20,117.24915313720703,238.43548583984375,14.579195976257324
2021-05-21,116.70223999023438,237.1682586669922,14.957581520080566
2021-05-24,119.76624298095703,242.5951385498047,15.576419830322266
2021-05-25,119.88566589355469,243.50445556640625,15.612088203430176
2021-05-26,121.10289001464844,243.28196716308594,15.664219856262207
2021-05-27,119.55921936035156,241.17312622070312,15.452703475952148
2021-05-28,120.00957489013672,241.53103637695312,16.207481384277344
2021-06-01,120.91777801513672,239.32546997070312,16.22743034362793
2021-06-02,120.4932861328125,239.22869873046875,16.740015029907227
2021-06-03,119.66371154785156,237.69058227539062,16.931074142456055
2021-06-04,122.01010131835938,242.6048126220703,17.538188934326172
2021-06-07,122.72321319580078,245.52622985839844,17.57884979248047
2021-06-08,123.55728149414062,244.3267059326172,17.41721534729004
2021-06-09,123.98274993896484,245.3134002685547,17.322656631469727
2021-06-10,125.48564147949219,248.84426879882812,17.389270782470703
2021-06-11,125.10395050048828,249.47308349609375,17.788698196411133
2021-06-14,125.75636291503906,251.4077911376953,17.9818058013916
2021-06-15,125.4388656616211,249.92770385742188,17.75202751159668
2021-06-16,125.10395050048828,248.979736328125,17.773733139038086
2021-06-17,125.7752685546875,252.38487243652344,18.618995666503906
2021-06-18,124.97555541992188,250.96278381347656,18.60053253173828
2021-06-21,125.85887145996094,254.0584259033203,18.38947105407715
2021-06-22,126.40080261230469,256.84442138671875,18.8480224609375
2021-06-23,125.86534881591797,256.6122131347656,19.01817512512207
2021-06-24,126.68197631835938,257.98590087890625,19.16612434387207
2021-06-25,126.39633178710938,256.3703308105469,18.991979598999023
2021-06-28,126.2216567993164,259.94964599609375,19.944021224975586
2021-06-29,125.42443084716797,262.54217529296875,19.98569107055664
2021-06-30,124.72525024414062,262.0584411621094,19.961483001708984
2021-07-01,125.77278137207031,262.735595703125,20.170557022094727
2021-07-02,128.11221313476562,268.588134765625,20.444990158081055
2021-07-06,129.15924072265625,268.5978698730469,20.65606117248535
2021-07-07,129.4643096923828,270.79376220703125,20.32998275756836
2021-07-08,128.56805419921875,268.3657531738281,19.8619384765625
2021-07-09,128.96365356445312,268.86865234375,20.009136199951172
2021-07-12,129.94851684570312,268.2689208984375,20.470443725585938
2021-07-13,130.3769989013672,271.8095397949219,20.208477020263672
2021-07-14,131.45985412597656,273.28961181640625,19.800817489624023
2021-07-15,130.64767456054688,271.85784912109375,18.9273624420166
2021-07-16,131.22396850585938,271.58697509765625,18.12375831604004
2021-07-19,128.64468383789062,267.9690246582031,18.74124526977539
2021-07-20,130.48348999023438,270.2036437988281,18.57383918762207
2021-07-21,131.9753875732422,272.2157287597656,19.37020492553711
2021-07-22,132.69996643066406,276.80108642578125,19.5538272857666
2021-07-23,137.16632080078125,280.21588134765625,19.51789665222168
2021-07-26,138.98619079589844,279.6160888671875,19.254444122314453
2021-07-27,136.151611328125,277.1880187988281,19.168615341186523
2021-07-28,135.7385711669922,276.87847900390625,19.4630126953125
2021-07-29,135.8968505859375,277.1492919921875,19.621685028076172
2021-07-30,134.58355712890625,275.6112365722656,19.459020614624023
2021-08-02,135.3484344482422,275.52410888671875,19.70950698852539
2021-08-03,135.63755798339844,277.74908447265625,19.774372100830078
2021-08-04,135.38726806640625,277.1590270996094,20.232425689697266
2021-08-05,136.29444885253906,280.07080078125,20.594688415527344
2021-08-06,136.38999938964844,280.0127258300781,20.324237823486328
2021-08-09,137.3514404296875,278.9195251464844,20.253385543823242
2021-08-10,137.44549560546875,277.0913391113281,19.895126342773438
2021-08-11,137.0404052734375,277.5845947265625,19.658611297607422
2021-08-12,137.73709106445312,280.3512878417969,19.864185333251953
2021-08-13,137.7535400390625,283.29205322265625,20.1466064453125
2021-08-16,138.26112365722656,284.9849548339844,19.909093856811523
2021-08-17,136.6532440185547,283.51458740234375,19.418106079101562
2021-08-18,135.9261932373047,281.7797546386719,19.000965118408203
2021-08-19,136.26806640625,287.6337585449219,19.75740623474121
2021-08-20,137.78439331054688,294.989990234375,20.7733154296875
2021-08-23,140.43434143066406,295.2711181640625,21.912979125976562
2021-08-24,141.72720336914062,293.3035888671875,21.748313903808594
2021-08-25,142.27610778808594,292.71240234375,22.167457580566406
2021-08-26,141.45301818847656,289.88226318359375,22.022750854492188
2021-08-27,143.8690643310547,290.4928894042969,22.589584350585938
2021-08-30,144.7837371826172,294.2437744140625,22.6414794921875
2021-08-31,144.7762908935547,292.5864562988281,22.343040466308594
2021-09-01,145.1544647216797,292.5379638671875,22.398937225341797
2021-09-02,143.53912353515625,291.8788757324219,22.354019165039062
2021-09-03,144.09251403808594,291.86920166015625,22.80018424987793
2021-09-07,144.83299255371094,290.93878173828125,22.619524002075195
2021-09-08,144.2005157470703,290.96783447265625,22.2971248626709
2021-09-09,144.2303466796875,288.0989685058594,22.135433197021484
2021-09-10,141.25196838378906,286.6063537597656,22.43586540222168
2021-09-13,142.78868103027344,287.8469543457031,22.110477447509766
2021-09-14,142.72998046875,290.560791015625,22.2003116607666
2021-09-15,144.521484375,295.4359130859375,22.299121856689453
2021-09-16,143.69290161132812,295.8236083984375,22.2003116607666
2021-09-17,140.796630859375,290.63824462890625,21.858945846557617
2021-09-20,138.3616485595703,285.2397766113281,21.07342529296875
2021-09-21,138.98818969726562,285.7243347167969,21.206174850463867
2021-09-22,140.27410888671875,289.38800048828125,21.899871826171875
2021-09-23,141.15792846679688,290.3377990722656,22.43985939025879
2021-09-24,141.96060180664062,290.1343078613281,22.039608001708984
2021-09-27,140.83395385742188,285.11376953125,21.619401931762695
2021-09-28,135.54200744628906,274.79168701171875,20.660202026367188
2021-09-29,133.88685607910156,275.2568664550781,20.47854232788086
2021-09-30,132.63726806640625,273.2408752441406,20.677169799804688
2021-10-01,135.81918334960938,280.1998596191406,20.7031192779541
2021-10-04,133.13441467285156,274.3942565917969,19.695016860961914
2021-10-05,135.53506469726562,279.87030029296875,20.41266632080078
2021-10-06,136.7064971923828,284.08642578125,20.66119956970215
2021-10-07,138.52935791015625,285.7727966308594,21.035499572753906
2021-10-08,139.395751953125,285.7727966308594,20.791950225830078
2021-10-11,138.1929473876953,285.1719665527344,20.65620994567871
2021-10-12,136.0685272216797,283.86346435546875,20.63225555419922
2021-10-13,137.2499237060547,287.1878967285156,20.899749755859375
2021-10-14,140.74537658691406,293.4295959472656,21.70524024963379
2021-10-15,141.0071258544922,294.8446044921875,21.82102394104004
2021-10-18,142.28656005859375,297.829833984375,22.180347442626953
2021-10-19,143.14401245117188,298.7409362792969,22.248218536376953
2021-10-20,141.74362182617188,297.9461669921875,22.061569213867188
2021-10-21,142.107421875,301.1929931640625,22.64946746826172
2021-10-22,137.9715118408203,299.6423034667969,22.68340301513672
2021-10-25,138.11880493164062,298.6440124511719,23.12257957458496
2021-10-26,139.01356506347656,300.5630187988281,24.670669555664062
2021-10-27,145.7372283935547,313.2209777832031,24.40517234802246
2021-10-28,145.44012451171875,314.36468505859375,24.894248962402344
2021-10-29,147.571533203125,321.4107971191406,25.519073486328125
2021-11-01,143.0962371826172,319.2300720214844,25.77858543395996
2021-11-02,145.17538452148438,322.8742980957031,26.35151481628418
2021-11-03,146.09800720214844,323.7175598144531,26.548145294189453
2021-11-04,147.98208618164062,326.0823974609375,29.745140075683594
2021-11-05,148.5374755859375,325.7142333984375,29.69623565673828
2021-11-08,148.64744567871094,326.61553955078125,30.746261596679688
2021-11-09,148.544921875,325.6075134277344,30.599536895751953
2021-11-10,145.93479919433594,320.6160583496094,29.40378189086914
2021-11-11,146.05621337890625,322.1959228515625,30.333038330078125
2021-11-12,148.94004821777344,326.3538818359375,30.333038330078125
2021-11-15,148.68377685546875,325.723876953125,29.968721389770508
2021-11-16,148.3732452392578,329.05792236328125,30.146387100219727
2021-11-17,148.3592987060547,329.2812194824219,29.20615005493164
2021-11-18,149.99855041503906,331.3688659667969,31.615625381469727
2021-11-19,149.24560546875,333.1554870605469,32.92316818237305
2021-11-22,146.38516235351562,329.970703125,31.896102905273438
2021-11-23,146.06515502929688,327.8830261230469,31.686494827270508
2021-11-24,146.02584838867188,328.1063537597656,32.612754821777344
2021-11-26,142.13278198242188,320.11517333984375,31.443950653076172
2021-11-29,145.42520141601562,326.8634948730469,33.31344223022461
2021-11-30,141.78045654296875,320.9986877441406,32.614749908447266
2021-12-01,140.9503936767578,320.50347900390625,31.37992286682129
2021-12-02,143.09872436523438,319.93060302734375,32.0697135925293
2021-12-03,141.8486328125,313.6387023925781,30.63922119140625
2021-12-06,143.1186065673828,316.7264404296875,29.9843692779541
2021-12-07,147.338623046875,325.2031555175781,32.37017822265625
2021-12-08,148.0194091796875,325.2516784667969,31.770238876342773
2021-12-09,147.40780639648438,323.4358825683594,30.436574935913086
2021-12-10,147.97413635253906,332.6020812988281,30.14508819580078
2021-12-13,146.01290893554688,329.5532531738281,28.111656188964844
2021-12-14,144.28709411621094,318.8139953613281,28.28734588623047
2021-12-15,146.67379760742188,324.9410095214844,30.40563201904297
2021-12-16,144.15570068359375,315.4737854003906,28.337257385253906
2021-12-17,142.1298065185547,314.40570068359375,27.752286911010742
2021-12-20,141.73019409179688,310.6286315917969,27.670433044433594
2021-12-21,143.54063415527344,317.7944641113281,29.024051666259766
2021-12-22,146.2562713623047,323.5330505371094,29.348485946655273
2021-12-23,146.4488525390625,324.9798583984375,29.588064193725586
2021-12-27,147.36599731445312,332.5146789550781,30.890775680541992
2021-12-28,145.7576141357422,331.3494567871094,30.268869400024414
2021-12-29,145.81385803222656,332.02911376953125,29.94843292236328
2021-12-30,145.31422424316406,329.4754333496094,29.534160614013672
2021-12-31,143.99746704101562,326.5625,29.359466552734375
2022-01-03,144.39059448242188,325.0380859375,30.068222045898438
2022-01-04,143.73570251464844,319.4645690917969,29.238677978515625
2022-01-05,137.0045928955078,307.20098876953125,27.55562973022461
2022-01-06,136.90257263183594,304.7735290527344,28.12862777709961
2022-01-07,136.358642578125,304.9289855957031,27.199256896972656
2022-01-10,137.92076110839844,305.1522216796875,27.351985931396484
2022-01-11,139.35743713378906,305.84161376953125,27.768259048461914
2022-01-12,140.98023986816406,309.0361633300781,27.949941635131836
2022-01-13,138.47511291503906,295.9569396972656,26.5284366607666
2022-01-14,139.1275177001953,301.2003479003906,26.894790649414062
2022-01-18,135.6479949951172,293.8693542480469,25.857614517211914
2022-01-19,135.0125274658203,294.5296325683594,25.0230770111084
2022-01-20,132.87713623046875,292.849853515625,24.107683181762695
2022-01-21,129.47872924804688,287.44140625,23.333049774169922
2022-01-24,129.7574005126953,287.7715148925781,23.3310489654541
2022-01-25,126.13805389404297,280.12017822265625,22.284881591796875
2022-01-26,128.63075256347656,288.1016845703125,22.732099533081055
2022-01-27,128.51231384277344,291.140869140625,21.905550003051758
2022-01-28,132.66114807128906,299.3165588378906,22.79998207092285
2022-01-31,135.0587921142578,301.9576416015625,24.443098068237305
2022-02-01,137.22850036621094,299.8021240234375,24.594829559326172
2022-02-02,147.338623046875,304.36566162109375,25.197771072387695
2022-02-03,141.97802734375,292.50994873046875,23.906038284301758
2022-02-04,142.341796875,297.06390380859375,24.276390075683594
2022-02-07,138.2830352783203,292.21875,24.684673309326172
2022-02-08,138.55673217773438,295.7239074707031,25.064006805419922
2022-02-09,140.7861785888672,302.1810302734375,26.658206939697266
2022-02-10,137.9490966796875,293.6071472167969,25.77874755859375
2022-02-11,133.49771118164062,286.4801940917969,23.90703773498535
2022-02-14,134.6621856689453,286.4412841796875,24.2244815826416
2022-02-15,135.78236389160156,291.7525939941406,26.448575973510742
2022-02-16,136.83935546875,291.412109375,26.46454620361328
2022-02-17,131.68478393554688,282.87896728515625,24.46405792236328
2022-02-18,129.8524627685547,280.15447998046875,23.60057830810547
2022-02-22,128.79248046875,279.9502258300781,23.349014282226562
2022-02-23,126.9835433959961,272.7014465332031,22.3477725982666
2022-02-24,132.0480499267578,286.6346130371094,23.706388473510742
2022-02-25,133.88536071777344,289.28118896484375,24.114675521850586
2022-02-28,134.25509643554688,290.72119140625,24.342269897460938
2022-03-01,133.5355224609375,286.9849548339844,23.435863494873047
2022-03-02,134.1162567138672,292.0834045410156,24.181678771972656
2022-03-03,133.67486572265625,287.9287414550781,23.676485061645508
2022-03-04,131.49916076660156,282.0323791503906,22.899715423583984
2022-03-07,125.86833190917969,271.3780822753906,21.318218231201172
2022-03-08,126.67849731445312,268.4007263183594,21.479961395263672
2022-03-09,133.23492431640625,280.70904541015625,22.977590560913086
2022-03-10,132.0565185546875,277.8777160644531,22.62215232849121
2022-03-11,129.8603973388672,272.5068054199219,22.065038681030273
2022-03-14,126.14352416992188,268.97479248046875,21.296255111694336
2022-03-15,129.04928588867188,279.3955993652344,22.93665313720703
2022-03-16,133.0602569580078,286.4400329589844,24.457242965698242
2022-03-17,133.96597290039062,287.24761962890625,24.72681999206543
2022-03-18,136.15658569335938,292.3169250488281,26.411148071289062
2022-03-21,135.83511352539062,291.08123779296875,26.69170570373535
2022-03-22,139.6162109375,295.84893798828125,26.482036590576172
2022-03-23,137.8505859375,291.40228271484375,25.593446731567383
2022-03-24,140.6458282470703,295.8878173828125,28.1054630279541
2022-03-25,140.85435485839844,295.4792175292969,27.648189544677734
2022-03-28,141.2808380126953,302.30963134765625,28.17435646057129
2022-03-29,142.57469177246094,306.8924255371094,28.61066246032715
2022-03-30,141.9720458984375,305.38427734375,27.64619255065918
2022-03-31,138.99118041992188,299.9841003417969,27.24283218383789
2022-04-01,140.03672790527344,301.064208984375,26.669736862182617
2022-04-04,142.96534729003906,306.46429443359375,27.31671142578125
2022-04-05,140.39801025390625,302.4847717285156,25.88997459411621
2022-04-06,136.52932739257812,291.412109375,24.368385314941406
2022-04-07,135.82167053222656,293.2315368652344,24.16970443725586
2022-04-08,133.37876892089844,288.9503479003906,23.08242416381836
2022-04-11,129.18463134765625,277.5566101074219,21.88232421875
2022-04-12,127.76931762695312,274.44305419921875,21.4699764251709
2022-04-13,129.6717987060547,279.8528747558594,22.167869567871094
2022-04-14,126.65311431884766,272.2732238769531,21.224365234375
2022-04-18,127.35777282714844,272.9446105957031,21.74853515625
2022-04-19,129.91566467285156,277.5954895019531,22.162879943847656
2022-04-20,127.64093780517578,278.6269226074219,21.448013305664062
2022-04-21,124.3485336303711,273.2267761230469,20.15106773376465
2022-04-22,119.05012512207031,266.6298828125,19.484121322631836
2022-04-25,122.66899108886719,273.1391906738281,19.870513916015625
2022-04-26,118.94263458251953,262.9227600097656,18.758275985717773
2022-04-27,114.47827911376953,275.5717468261719,18.3858642578125
2022-04-28,118.84857940673828,281.80859375,19.750707626342773
2022-04-29,114.42453002929688,270.025634765625,18.517654418945312
2022-05-02,116.60470581054688,276.7879333496094,19.502099990844727
2022-05-03,117.57262420654297,274.1705627441406,19.570987701416016
2022-05-04,121.9971694946289,282.149169921875,20.301830291748047
2022-05-05,116.19613647460938,269.8601989746094,18.81418800354004
2022-05-06,115.1147689819336,267.31103515625,18.645456314086914
2022-05-09,112.55089569091797,257.4350891113281,16.923185348510742
2022-05-10,114.0443344116211,262.2222595214844,17.56715965270996
2022-05-11,113.42376708984375,253.51385498046875,16.603687286376953
2022-05-12,112.62754821777344,248.45437622070312,16.1494083404541
2022-05-13,115.96623229980469,254.06854248046875,17.677988052368164
2022-05-16,114.25135803222656,254.4382781982422,17.2366886138916
2022-05-17,116.15135955810547,259.6146240234375,18.148242950439453
2022-05-18,111.87113189697266,247.79441833496094,16.911203384399414
2022-05-19,110.22343444824219,246.877685546875,17.09691047668457
2022-05-20,108.79769134521484,246.31201171875,16.667585372924805
2022-05-23,111.14008331298828,254.20184326171875,16.871261596679688
2022-05-24,105.42665100097656,253.19732666015625,16.12844467163086
2022-05-25,105.34056091308594,256.0255432128906,16.94814682006836
2022-05-26,107.78547668457031,259.322021484375,17.82275390625
2022-05-27,112.26725769042969,266.4803771972656,18.781240463256836
2022-05-31,113.50141143798828,265.144287109375,18.6424617767334
2022-06-01,113.59894561767578,265.6806945800781,18.291013717651367
2022-06-02,117.19093322753906,267.7872619628906,19.56100082397461
2022-06-03,114.02394104003906,263.3400573730469,18.690383911132812
2022-06-06,116.45889282226562,262.1014404296875,18.75627899169922
2022-06-07,116.67686462402344,265.7587585449219,18.896059036254883
2022-06-08,116.68531799316406,263.7204284667969,18.622432708740234
2022-06-09,114.37626647949219,258.2395324707031,18.023256301879883
2022-06-10,110.90221405029297,246.73135375976562,16.950729370117188
2022-06-13,106.37267303466797,236.2667999267578,15.625547409057617
2022-06-14,106.68867492675781,238.441650390625,15.814287185668945
2022-06-15,109.8701171875,245.5317840576172,16.50433921813965
2022-06-16,106.13330841064453,238.90977478027344,15.579608917236328
2022-06-17,107.35700988769531,241.52349853515625,15.858229637145996
2022-06-21,111.4869384765625,247.4628448486328,16.543289184570312
2022-06-22,111.50585174560547,246.867919921875,16.337568283081055
2022-06-23,112.1532974243164,252.4561309814453,16.202756881713867
2022-06-24,117.97920227050781,261.0775146484375,17.102519989013672
2022-06-27,116.07272338867188,258.3370056152344,16.84587287902832
2022-06-28,112.04083251953125,250.13504028320312,15.960089683532715
2022-06-29,111.72730255126953,253.82151794433594,15.520691871643066
2022-06-30,108.85690307617188,250.4763946533203,15.13821792602539
2022-07-01,108.5667724609375,253.15835571289062,14.50308895111084
2022-07-05,113.3501205444336,256.3475036621094,14.94348430633545
2022-07-06,114.67037200927734,259.6243591308594,15.10925579071045
2022-07-07,118.74356842041016,261.7601623535156,15.836258888244629
2022-07-08,119.60201263427734,261.0384216308594,15.816286087036133
2022-07-11,115.97319030761719,257.9664306640625,15.131227493286133
2022-07-12,114.3080825805664,247.39456176757812,15.061321258544922
2022-07-13,111.65814208984375,246.4680938720703,15.143207550048828
2022-07-14,110.91466522216797,247.79441833496094,15.350924491882324
2022-07-15,112.23540496826172,250.36912536621094,15.74039077758789
2022-07-18,109.39187622070312,247.960205078125,16.07892608642578
2022-07-19,114.07966613769531,253.1095733642578,16.96870231628418
2022-07-20,114.1592788696289,255.7818145751953,17.78258514404297
2022-07-21,114.49768829345703,258.2882385253906,18.025251388549805
2022-07-22,107.84917449951172,253.91900634765625,17.29525375366211
2022-07-25,107.69988250732422,252.4268798828125,17.000659942626953
2022-07-26,104.94294738769531,245.6683349609375,16.510334014892578
2022-07-27,113.0644760131836,262.09173583984375,17.76561164855957
2022-07-28,114.0498046875,269.5719909667969,17.9593448638916
2022-07-29,116.09014129638672,273.79486083984375,18.138099670410156
2022-08-01,114.93561553955078,271.1324768066406,18.41571807861328
2022-08-02,115.3536376953125,268.0213928222656,18.500595092773438
2022-08-03,118.22005462646484,275.4820861816406,18.867095947265625
2022-08-04,118.30963134765625,276.6328430175781,19.188655853271484
2022-08-05,117.6626968383789,275.9112243652344,18.96296501159668
2022-08-08,117.58307647705078,273.3852844238281,17.768604278564453
2022-08-09,116.94609069824219,275.3162841796875,17.062576293945312
2022-08-10,120.08124542236328,282.0065612792969,18.072189331054688
2022-08-11,119.2551498413086,279.9195556640625,17.917402267456055
2022-08-12,122.07181549072266,284.6885986328125,18.683349609375
2022-08-15,122.30072021484375,286.2099914550781,19.00590705871582
2022-08-16,121.9324722290039,285.46875,18.853116989135742
2022-08-17,119.75279998779297,284.7161865234375,18.309860229492188
2022-08-18,120.2902603149414,283.59228515625,18.74726104736328
2022-08-19,117.56317138671875,279.6634216308594,17.82453155517578
2022-08-22,114.52754211425781,271.4537658691406,17.01064682006836
2022-08-23,114.22895812988281,270.17352294921875,17.15744400024414
2022-08-24,114.1592788696289,269.53826904296875,17.198387145996094
2022-08-25,117.1451416015625,272.52886962890625,17.888439178466797
2022-08-26,110.77531433105469,262.0128173828125,16.237709045410156
2022-08-29,109.81983947753906,259.2176513671875,15.779335975646973
2022-08-30,109.39187622070312,257.00885009765625,15.446793556213379
2022-08-31,108.63545227050781,255.5428466796875,15.073305130004883
2022-09-01,110.02885437011719,254.49713134765625,13.917891502380371
2022-09-02,108.16767120361328,250.25550842285156,13.628290176391602
2022-09-06,106.97332763671875,247.5092010498047,13.446538925170898
2022-09-07,109.95917510986328,252.2394561767578,13.699265480041504
2022-09-08,108.90418243408203,252.6597137451172,13.974970817565918
2022-09-09,111.2530517578125,258.465087890625,14.371542930603027
2022-09-12,111.34263610839844,260.6054382324219,14.48941707611084
2022-09-13,104.81355285644531,246.27777099609375,13.11689281463623
2022-09-14,105.37091827392578,246.5025634765625,13.113896369934082
2022-09-15,103.41020202636719,239.8175811767578,12.91511058807373
2022-09-16,103.14147186279297,239.19212341308594,13.183821678161621
2022-09-19,103.36044311523438,238.97711181640625,13.367624282836914
2022-09-20,101.34996032714844,236.9540252685547,13.161844253540039
2022-09-21,99.53854370117188,233.53335571289062,13.246753692626953
2022-09-22,100.09589385986328,235.517333984375,12.547505378723145
2022-09-23,98.7024917602539,232.52671813964844,12.502553939819336
2022-09-26,98.34420013427734,232.0673370361328,12.214863777160645
2022-09-27,97.62759399414062,231.0509490966797,12.399663925170898
2022-09-28,100.26509857177734,235.60531616210938,12.722317695617676
2022-09-29,97.62759399414062,232.11619567871094,12.20687198638916
2022-09-30,95.69673919677734,227.62049865722656,12.125957489013672
2022-10-03,98.83189392089844,235.28280639648438,12.49855899810791
2022-10-04,101.92723083496094,243.23825073242188,13.152853965759277
2022-10-05,101.73812103271484,243.55099487304688,13.194808959960938
2022-10-06,101.75802612304688,241.19561767578125,13.115894317626953
2022-10-07,99.10061645507812,228.9301300048828,12.063028335571289
2022-10-10,98.24465942382812,224.05323791503906,11.657464027404785
2022-10-11,97.5877914428711,220.30029296875,11.573553085327148
2022-10-12,97.83660125732422,220.63259887695312,11.487645149230957
2022-10-13,99.23995208740234,228.9301300048828,11.947151184082031
2022-10-14,96.72188568115234,223.37889099121094,11.214938163757324
2022-10-17,100.3049087524414,232.14556884765625,11.875226974487305
2022-10-18,100.91202545166016,233.0935516357422,11.954143524169922
2022-10-19,99.81722259521484,231.1193389892578,12.03805160522461
2022-10-20,100.05608367919922,230.7968292236328,12.180899620056152
2022-10-21,101.00161743164062,236.6315155029297,12.452607154846191
2022-10-24,102.48458862304688,241.64520263671875,12.585465431213379
2022-10-25,104.43534851074219,244.9779052734375,13.246753692626953
2022-10-26,94.37300872802734,226.07632446289062,12.882148742675781
2022-10-27,92.1634750366211,221.6099395751953,13.161844253540039
2022-10-28,96.12471008300781,230.523193359375,13.819138526916504
2022-10-31,94.21376037597656,226.86798095703125,13.482500076293945
2022-11-01,90.07337188720703,222.9977264404297,13.52845287322998
2022-11-02,86.65953826904297,215.1106719970703,13.204798698425293
2022-11-03,83.09642028808594,209.3932647705078,13.406580924987793
2022-11-04,86.29127502441406,216.37142944335938,14.140791893005371
2022-11-07,88.23210144042969,222.7045135498047,14.285636901855469
2022-11-08,88.4908676147461,223.68185424804688,14.58631420135498
2022-11-09,86.98798370361328,219.42068481445312,13.761199951171875
2022-11-10,93.72606658935547,237.4720001220703,15.733080863952637
2022-11-11,96.27400970458984,241.50839233398438,16.309459686279297
2022-11-14,95.57730865478516,236.07444763183594,16.277494430541992
2022-11-15,98.25462341308594,236.48489379882812,16.648094177246094
2022-11-16,98.52334594726562,236.9161376953125,15.89290714263916
2022-11-17,98.03565979003906,236.86712646484375,15.66015911102295
2022-11-18,97.3389663696289,236.4163055419922,15.39244556427002
2022-11-21,95.37825012207031,237.229736328125,15.300544738769531
2022-11-22,96.87117767333984,240.15040588378906,16.020771026611328
2022-11-23,98.35414123535156,242.64964294433594,16.501253128051758
2022-11-25,97.139892578125,242.56141662597656,16.252519607543945
2022-11-28,95.7962646484375,236.94552612304688,15.809996604919434
2022-11-29,94.99008178710938,235.5440216064453,15.622199058532715
2022-11-30,100.97175598144531,250.05906677246094,16.909143447875977
2022-12-01,100.80255889892578,249.61805725097656,17.120969772338867
2022-12-02,100.35467529296875,249.94151306152344,16.862180709838867
2022-12-05,99.39920043945312,245.2174530029297,16.596403121948242
2022-12-06,96.85126495361328,240.23863220214844,15.973910331726074
2022-12-07,94.70145416259766,239.50357055664062,16.106801986694336
2022-12-08,93.5071029663086,242.4732208251953,17.154945373535156
2022-12-09,92.63125610351562,240.53262329101562,16.98708152770996
2022-12-12,93.11894226074219,247.48147583007812,17.520645141601562
2022-12-13,95.39815521240234,251.8036346435547,18.057205200195312
2022-12-14,94.8606948852539,252.09768676757812,17.659530639648438
2022-12-15,90.77007293701172,244.0511474609375,16.938119888305664
2022-12-16,90.4316635131836,239.8171844482422,16.557432174682617
2022-12-19,88.729736328125,235.66163635253906,16.240692138671875
2022-12-20,89.20746612548828,236.9847412109375,16.071828842163086
2022-12-21,89.82454681396484,239.56234741210938,16.487489700317383
2022-12-22,87.84394073486328,233.44662475585938,15.326440811157227
2022-12-23,89.38661193847656,233.9758758544922,15.193552017211914
2022-12-27,87.51549530029297,232.2411346435547,14.1094388961792
2022-12-28,86.05241394042969,229.85952758789062,14.024508476257324
2022-12-29,88.53067016601562,236.21046447753906,14.591044425964355
2022-12-30,88.31172180175781,235.04417419433594,14.602034568786621
2023-01-03,89.27714538574219,234.80894470214844,14.303279876708984
2023-01-04,88.29180908203125,224.53765869140625,14.73692512512207
2023-01-05,86.36094665527344,217.88287353515625,14.253320693969727
2023-01-06,87.74440002441406,220.45071411132812,14.84683609008789
2023-01-09,88.38138580322266,222.59706115722656,15.615204811096191
2023-01-10,88.81930541992188,224.29261779785156,15.895975112915039
2023-01-11,91.8250732421875,231.07479858398438,15.987897872924805
2023-01-12,91.47672271728516,233.76023864746094,16.497482299804688
2023-01-13,92.36253356933594,234.4658966064453,16.885162353515625
2023-01-17,91.72554779052734,235.5636444091797,17.6875057220459
2023-01-18,91.34733581542969,231.11402893066406,17.362775802612305
2023-01-19,93.46729278564453,227.31130981445312,16.75127410888672
2023-01-20,98.81198120117188,235.4362030029297,17.82439422607422
2023-01-23,100.73287963867188,237.7492218017578,19.17728614807129
2023-01-24,98.74230194091797,237.219970703125,19.24922752380371
2023-01-25,96.27400970458984,235.81845092773438,19.307178497314453
2023-01-26,98.69255828857422,243.06126403808594,19.78578758239746
2023-01-27,100.2352294921875,243.21807861328125,20.34832763671875
2023-01-30,97.48824310302734,237.8766326904297,19.146312713623047
2023-01-31,99.39920043945312,242.8750457763672,19.521005630493164
2023-02-01,100.95183563232422,247.7166748046875,20.92585563659668
2023-02-02,108.287109375,259.3306579589844,21.691225051879883
2023-02-03,104.72398376464844,253.20513916015625,21.082725524902344
2023-02-06,102.98222351074219,251.6566162109375,21.071731567382812
2023-02-07,107.53068542480469,262.23175048828125,22.15484619140625
2023-02-08,99.5285873413086,261.4183044433594,22.186819076538086
2023-02-09,95.00999450683594,258.37017822265625,22.318710327148438
2023-02-10,94.4128189086914,257.860595703125,21.247589111328125
2023-02-13,94.55216217041016,265.9168395996094,21.770160675048828
2023-02-14,94.50238800048828,266.74993896484375,22.952194213867188
2023-02-15,96.64225769042969,264.6178283691406,22.745361328125
2023-02-16,95.32848358154297,257.5730285644531,21.983985900878906
2023-02-17,94.14408111572266,253.554443359375,21.3704891204834
2023-02-21,91.61607360839844,248.258544921875,20.638090133666992
2023-02-22,91.36724853515625,247.11878967285156,20.73700714111328
2023-02-23,90.64067840576172,250.32186889648438,23.644624710083008
2023-02-24,88.92879486083984,244.8687744140625,23.26693344116211
2023-02-27,89.67524719238281,245.79234313964844,23.48175811767578
2023-02-28,89.87432098388672,245.0652618408203,23.196989059448242
2023-03-01,90.08332061767578,241.9702911376953,22.679414749145508
2023-03-02,91.87483978271484,246.7257843017578,23.294912338256836
2023-03-03,93.5767822265625,250.83279418945312,23.870439529418945
2023-03-06,95.12942504882812,252.3852081298828,23.534717559814453
2023-03-07,93.72606658935547,249.71266174316406,23.272884368896484
2023-03-08,94.20381164550781,249.27056884765625,24.165307998657227
2023-03-09,92.22319793701172,247.91465759277344,23.420791625976562
2023-03-10,90.58097076416016,244.24977111816406,22.95009422302246
2023-03-13,91.2279052734375,249.48670959472656,22.951093673706055
2023-03-14,93.80569458007812,256.2367858886719,24.047380447387695
2023-03-15,96.09485626220703,260.8056335449219,24.212276458740234
2023-03-16,100.59354400634766,271.3777770996094,25.524423599243164
2023-03-17,101.97698211669922,274.5513000488281,25.708303451538086
2023-03-20,101.4494857788086,267.47705078125,25.88319206237793
2023-03-21,105.34104919433594,268.9999694824219,26.181995391845703
2023-03-22,103.72869873046875,267.5359802246094,26.45081901550293
2023-03-23,105.75907897949219,272.8122253417969,27.17335319519043
2023-03-24,105.56001281738281,275.67144775390625,26.761615753173828
2023-03-27,102.57415771484375,271.5545654296875,26.51378059387207
2023-03-28,100.8821792602539,270.4247131347656,26.392858505249023
2023-03-29,101.41963195800781,275.6125183105469,26.96648597717285
2023-03-30,100.84236907958984,279.0906677246094,27.365224838256836
2023-03-31,103.50973510742188,283.2664794921875,27.75897216796875
2023-04-03,104.41544342041016,282.2151184082031,27.946847915649414
2023-04-04,104.62445068359375,282.16595458984375,27.4351806640625
2023-04-05,104.45524597167969,279.3756408691406,26.863554000854492
2023-04-06,108.38662719726562,286.5089111328125,27.019453048706055
2023-04-10,106.4458236694336,284.33746337890625,27.56110191345215
2023-04-11,105.61973571777344,277.8919677734375,27.151369094848633
2023-04-12,104.72398376464844,278.5404357910156,26.477802276611328
2023-04-13,107.67998504638672,284.7795715332031,26.445823669433594
2023-04-14,108.9439926147461,281.1441650390625,26.740631103515625
2023-04-17,105.91831970214844,283.7576904296875,26.98447608947754
2023-04-18,104.62445068359375,283.3352355957031,27.649044036865234
2023-04-19,104.52491760253906,283.4138488769531,27.912870407104492
2023-04-20,105.4007797241211,281.1146240234375,27.086406707763672
2023-04-21,105.41072845458984,280.7708435058594,27.101396560668945
2023-04-24,106.27661895751953,276.8504638671875,27.02444839477539
2023-04-25,104.11685943603516,270.6113586425781,26.223966598510742
2023-04-26,103.95760345458984,290.2130126953125,26.93850326538086
2023-04-27,107.85913848876953,299.5078430175781,27.208330154418945
2023-04-28,107.70983123779297,301.8953857421875,27.73099136352539
2023-05-01,107.20223999023438,300.22503662109375,28.8912353515625
2023-05-02,105.48040008544922,300.0777282714844,28.191688537597656
2023-05-03,105.61973571777344,299.0852966308594,27.783952713012695
2023-05-04,104.71402740478516,300.0777282714844,27.544111251831055
2023-05-05,105.71428680419922,305.2262268066406,28.661386489868164
2023-05-08,107.729736328125,303.2611389160156,29.132078170776367
2023-05-09,107.43116760253906,301.6399841308594,28.55245590209961
2023-05-10,111.75070190429688,306.85723876953125,28.866254806518555
2023-05-11,116.34891510009766,304.6955871582031,28.559452056884766
2023-05-12,117.36410522460938,303.57562255859375,28.321605682373047
2023-05-15,116.40863037109375,304.0570373535156,28.934207916259766
2023-05-16,119.52387237548828,306.2972412109375,29.19403839111328
2023-05-17,120.9073257446289,309.19219970703125,30.158414840698242
2023-05-18,122.93769836425781,313.64300537109375,31.657438278198242
2023-05-19,122.66899108886719,313.4657287597656,31.24370765686035
2023-05-22,125.2766342163086,316.2622985839844,31.1557674407959
2023-05-23,122.70880126953125,310.43292236328125,30.66808319091797
2023-05-24,121.06658172607422,309.0445251464844,30.518178939819336
2023-05-25,123.7637939453125,320.9296875,37.95534896850586
2023-05-26,124.83870697021484,327.7929992675781,38.92072677612305
2023-05-30,124.05242919921875,326.13861083984375,40.08496856689453
2023-05-31,122.78842163085938,323.3619079589844,37.809444427490234
2023-06-01,123.78370666503906,327.4877014160156,39.74419021606445
2023-06-02,124.6396484375,330.2644958496094,39.30147171020508
2023-06-05,126.03304290771484,330.7962646484375,39.14558029174805
2023-06-06,127.30701446533203,328.5708312988281,38.628910064697266
2023-06-07,122.3604507446289,318.4285888671875,37.454551696777344
2023-06-08,122.09172058105469,320.2797546386719,38.48898696899414
2023-06-09,122.29077911376953,321.7863464355469,38.74884796142578
2023-06-12,123.7637939453125,326.7688903808594,39.46045684814453
2023-06-13,123.84341430664062,329.1715393066406,40.99961471557617
2023-06-14,123.79365539550781,332.1748352050781,42.973541259765625
2023-06-15,125.19700622558594,342.77008056640625,42.629730224609375
2023-06-16,123.47515869140625,337.08843994140625,42.668704986572266
2023-06-20,123.26614379882812,332.8739013671875,43.784095764160156
2023-06-21,120.68836212158203,328.4526672363281,43.02151107788086
2023-06-22,123.28605651855469,334.5085144042969,43.00152587890625
2023-06-23,122.4400634765625,329.8902893066406,42.18597412109375
2023-06-26,118.52859497070312,323.5686340332031,40.60982894897461
2023-06-27,118.44896697998047,329.4472351074219,41.853153228759766
2023-06-28,120.50921630859375,330.7076110839844,41.094566345214844
2023-06-29,119.44425964355469,329.91986083984375,40.79972457885742
2023-06-30,120.39972686767578,335.3258361816406,42.2789192199707
2023-07-03,119.99166107177734,332.8148498535156,42.389854431152344
2023-07-05,122.0519027709961,332.9723815917969,42.29391098022461
2023-07-06,120.35991668701172,336.04461669921875,42.08002853393555
2023-07-07,119.57364654541016,332.05670166015625,42.47980880737305
2023-07-10,116.3190689086914,326.74920654296875,42.156982421875
2023-07-11,117.15509796142578,327.3793640136719,42.381858825683594
2023-07-12,119.05609893798828,332.0369567871094,43.878047943115234
2023-07-13,124.24153900146484,337.4133605957031,45.9519157409668
2023-07-14,125.10742950439453,339.953857421875,45.444190979003906
2023-07-17,124.47045135498047,340.43634033203125,46.43564987182617
2023-07-18,123.49507141113281,353.9856262207031,47.468082427978516
2023-07-19,122.20118713378906,349.6431884765625,47.05131530761719
2023-07-20,118.96651458740234,341.5589294433594,45.49515914916992
2023-07-21,119.74284362792969,338.50634765625,44.284820556640625
2023-07-24,121.30543518066406,339.8258056640625,44.5876579284668
2023-07-25,122.2111587524414,345.6059875488281,45.65407943725586
2023-07-26,129.0487823486328,332.5982360839844,45.42720413208008
2023-07-27,129.2577667236328,325.6561279296875,45.874961853027344
2023-07-28,132.38296508789062,333.1889953613281,46.724491119384766
2023-07-31,132.48251342773438,330.7765808105469,46.70349884033203
2023-08-01,131.26824951171875,331.19012451171875,46.481624603271484
2023-08-02,128.0335693359375,322.4855041503906,44.244850158691406
2023-08-03,128.1629638671875,321.6583557128906,44.4907112121582
2023-08-04,127.93403625488281,322.7611999511719,44.65562057495117
2023-08-07,131.31800842285156,325.0555114746094,45.3922233581543
2023-08-08,131.21849060058594,321.05767822265625,44.6396369934082
2023-08-09,129.53643798828125,317.2961730957031,42.53078842163086
2023-08-10,129.59617614746094,317.9854736328125,42.3648796081543
2023-08-11,129.55636596679688,316.09490966796875,40.83271026611328
2023-08-14,131.20855712890625,319.0784606933594,43.7291259765625
2023-08-15,129.6558837890625,316.93182373046875,43.9160270690918
2023-08-16,128.50137329101562,316.16217041015625,43.46227264404297
2023-08-17,129.84500122070312,312.688720703125,43.32034683227539
2023-08-18,127.50607299804688,312.2940368652344,43.27537536621094
2023-08-21,128.3221893310547,317.62261962890625,46.941375732421875
2023-08-22,129.07862854003906,318.1949157714844,45.6430778503418
2023-08-23,132.58203125,322.67486572265625,47.090301513671875
2023-08-24,129.80516052246094,315.7378845214844,47.137264251708984
2023-08-25,130.0738983154297,318.70806884765625,45.992889404296875
2023-08-28,131.16873168945312,319.41851806640625,46.809444427490234
2023-08-29,134.85130310058594,324.0662536621094,48.757381439208984
2023-08-30,136.2845001220703,324.4411926269531,49.23712158203125
2023-08-31,136.70252990722656,323.42486572265625,49.32807540893555
2023-09-01,136.15509033203125,324.3129577636719,48.4825325012207
2023-09-05,136.06553649902344,329.13824462890625,48.521514892578125
2023-09-06,134.7318572998047,328.4770812988281,47.03919982910156
2023-09-07,135.5579376220703,325.54638671875,46.219581604003906
2023-09-08,136.55323791503906,329.8487243652344,45.55088806152344
2023-09-11,137.09068298339844,333.4701843261719,45.157066345214844
2023-09-12,135.42855834960938,327.38177490234375,44.849212646484375
2023-09-13,136.85179138183594,331.61505126953125,45.463932037353516
2023-09-14,138.3347930908203,334.22015380859375,45.55988311767578
2023-09-15,137.64804077148438,325.8522644042969,43.87966537475586
2023-09-18,138.304931640625,324.7076110839844,43.94562530517578
2023-09-19,138.175537109375,324.3030090332031,43.49983596801758
2023-09-20,133.9555206298828,316.5272521972656,42.21943283081055
2023-09-21,130.74073791503906,315.3037109375,40.99799346923828
2023-09-22,130.63128662109375,312.8170166015625,41.590721130371094
2023-09-25,131.5469207763672,313.3399963378906,42.20243835449219
2023-09-26,128.83975219726562,308.01141357421875,41.89158248901367
2023-09-27,130.8402862548828,308.65283203125,42.44832992553711
2023-09-28,132.50241088867188,309.4915771484375,43.06903839111328
2023-09-29,131.2284393310547,311.5736999511719,43.478851318359375
2023-10-02,134.5327911376953,317.5436096191406,44.761253356933594
2023-10-03,132.6715850830078,309.24493408203125,43.49683380126953
2023-10-04,135.62762451171875,314.7412109375,44.020599365234375
2023-10-05,135.34893798828125,315.13592529296875,44.667293548583984
2023-10-06,138.0760040283203,322.9314270019531,45.74080276489258
2023-10-09,138.84239196777344,325.45758056640625,45.25202178955078
2023-10-10,138.54379272460938,324.0465393066406,45.77678298950195
2023-10-11,141.03199768066406,328.0231628417969,46.78431701660156
2023-10-12,139.62864685058594,326.77984619140625,46.923248291015625
2023-10-13,137.9267120361328,323.395263671875,45.439937591552734
2023-10-16,139.8277130126953,328.2402648925781,46.07365036010742
2023-10-17,140.3253631591797,327.6679382324219,43.91764831542969
2023-10-18,138.6234130859375,325.74371337890625,42.17645263671875
2023-10-19,138.3248291015625,326.9377136230469,42.08149719238281
2023-10-20,136.09539794921875,322.3492431640625,41.367828369140625
2023-10-23,137.2499237060547,324.96417236328125,42.9550895690918
2023-10-24,139.45945739746094,326.1581726074219,43.64277267456055
2023-10-25,126.07286071777344,336.1640319824219,41.7596435546875
2023-10-26,122.85808563232422,323.5530700683594,40.30731964111328
2023-10-27,122.81827545166016,325.4476623535156,40.481239318847656
2023-10-30,125.15719604492188,332.8484802246094,41.14193344116211
2023-10-31,124.7093276977539,333.6379089355469,40.7611083984375
2023-11-01,126.96862030029297,341.4926452636719,42.305397033691406
2023-11-02,127.97386169433594,343.7128601074219,43.485843658447266
2023-11-03,129.7554168701172,348.1336364746094,44.98414993286133
2023-11-06,130.83033752441406,351.8143005371094,45.729801177978516
2023-11-07,131.7758331298828,355.7613830566406,45.933712005615234
2023-11-08,132.63177490234375,358.3960876464844,46.552425384521484
2023-11-09,131.06919860839844,355.91925048828125,46.928245544433594
2023-11-10,133.4280242919922,364.7804870605469,48.31260299682617
2023-11-13,133.00999450683594,361.8299865722656,48.59747314453125
2023-11-14,134.7915496826172,365.37255859375,49.632991790771484
2023-11-15,135.73709106445312,365.5208740234375,48.8653564453125
2023-11-16,138.046142578125,371.9479675292969,49.45708084106445
2023-11-17,136.29444885253906,365.6988525390625,49.27516555786133
2023-11-20,137.2698211669922,373.2036437988281,50.385650634765625
2023-11-21,137.96652221679688,368.88275146484375,49.920860290527344
2023-11-22,139.35992431640625,373.60906982421875,48.69343185424805
2023-11-24,137.56842041015625,373.19378662109375,47.753868103027344
2023-11-27,137.39923095703125,374.36053466796875,48.21964645385742
2023-11-28,137.96652221679688,378.4046325683594,47.7988395690918
2023-11-29,135.75698852539062,374.5977783203125,48.11770248413086
2023-11-30,133.28866577148438,374.65716552734375,46.748329162597656
2023-12-01,132.6915283203125,370.3065490722656,46.74333190917969
2023-12-04,130.0142059326172,364.9967956542969,45.48891067504883
2023-12-05,131.76589965820312,368.3388671875,46.54852294921875
2023-12-06,130.81039428710938,364.66058349609375,45.48591232299805
2023-12-07,137.79733276367188,366.7865295410156,46.57851028442383
2023-12-08,135.995849609375,370.0296936035156,47.48816680908203
2023-12-11,134.0649871826172,367.1325378417969,46.6094970703125
2023-12-12,133.00999450683594,370.1780090332031,47.63910675048828
2023-12-13,133.33847045898438,370.1680908203125,48.06995391845703
2023-12-14,132.57208251953125,361.8228454589844,48.33184814453125
2023-12-15,133.20904541015625,366.5690002441406,48.871646881103516
2023-12-18,136.5432586669922,368.4674072265625,50.05820083618164
2023-12-19,137.44898986816406,369.070556640625,49.58537673950195
2023-12-20,139.0016326904297,366.4601745605469,48.092933654785156
2023-12-21,141.1315460205078,369.347412109375,48.97161102294922
2023-12-22,142.0471954345703,370.375732421875,48.81167221069336
2023-12-26,142.146728515625,370.4548645019531,49.260498046875
2023-12-27,140.7732391357422,369.8714904785156,49.3984489440918
2023-12-28,140.61398315429688,371.06793212890625,49.50341033935547
2023-12-29,140.265625,371.8193664550781,49.50341033935547
2024-01-02,138.90208435058594,366.7073974609375,48.14991760253906
2024-01-03,139.69833374023438,366.4404296875,47.55113983154297
2024-01-04,137.3892364501953,363.8102722167969,47.979984283447266
2024-01-05,136.74232482910156,363.6224365234375,49.07856750488281
2024-01-08,139.8675079345703,370.4845275878906,52.23337936401367
2024-01-09,141.887939453125,371.5721435546875,53.120052337646484
2024-01-10,143.1221160888672,378.47381591796875,54.32959747314453
2024-01-11,142.9927215576172,380.31292724609375,54.801422119140625
2024-01-12,143.56004333496094,384.10986328125,54.689456939697266
2024-01-16,143.40078735351562,385.8896484375,56.360836029052734
2024-01-17,142.21640014648438,385.0986633300781,56.031959533691406
2024-01-18,144.30650329589844,389.44921875,57.085567474365234
2024-01-19,147.27244567871094,394.1953430175781,59.468666076660156
2024-01-22,147.01368713378906,392.05963134765625,59.63160705566406
2024-01-23,147.97909545898438,394.4227600097656,59.850528717041016
2024-01-24,149.64122009277344,398.0417175292969,61.33896255493164
2024-01-25,152.9157257080078,400.3258056640625,61.59386444091797
2024-01-26,153.0650177001953,399.39630126953125,61.00809097290039
2024-01-29,154.11007690429688,405.1213073730469,62.44154739379883
2024-01-30,152.32852172851562,404.0040283203125,62.75043487548828
2024-01-31,141.1315460205078,393.11761474609375,61.503902435302734
2024-02-01,142.03726196289062,399.2480163574219,63.00334167480469
2024-02-02,142.8633270263672,406.6044921875,66.13516998291016
2024-02-05,144.2467803955078,401.0970153808594,69.30597686767578
2024-02-06,144.72451782226562,400.9388122558594,68.19739532470703
2024-02-07,145.988525390625,409.4027099609375,70.07267761230469
2024-02-08,146.52598571777344,409.4620666503906,69.61485290527344
2024-02-09,149.5118408203125,415.82977294921875,72.10592651367188
2024-02-12,148.02886962890625,410.59918212890625,72.22087860107422
2024-02-13,145.67999267578125,401.7594909667969,72.1009292602539
2024-02-14,146.4463653564453,405.6426696777344,73.87226867675781
2024-02-15,143.26145935058594,402.7402038574219,72.6307144165039
2024-02-16,141.0917205810547,400.2637023925781,72.58573913574219
2024-02-20,141.52963256835938,399.005615234375,69.4259262084961
2024-02-21,143.1619110107422,398.40130615234375,67.4466781616211
2024-02-22,144.63494873046875,407.7823791503906,78.50852966308594
2024-02-23,144.60508728027344,406.48468017578125,78.78740692138672
2024-02-26,138.0959014892578,403.71099853515625,79.06231689453125
2024-02-27,139.43954467773438,403.6515808105469,78.67145538330078
2024-02-28,136.78213500976562,403.8893127441406,77.63384246826172
2024-02-29,139.12106323242188,409.7536926269531,79.08230590820312
2024-03-01,137.42906188964844,411.5962219238281,82.24810791015625
2024-03-04,133.56736755371094,411.02166748046875,85.20499420166016
2024-03-05,133.14935302734375,398.866943359375,85.93576049804688
2024-03-06,131.93507385253906,398.31219482421875,88.67086029052734
2024-03-07,134.60244750976562,405.2959899902344,92.6385498046875
2024-03-08,135.64749145507812,402.4034118652344,87.49925231933594
2024-03-11,138.28501892089844,400.7193603515625,85.74581909179688
2024-03-12,138.96180725097656,411.3782653808594,91.8828125
2024-03-13,140.1063995361328,411.1999816894531,90.85814666748047
2024-03-14,143.6595458984375,421.2248840332031,87.91510772705078
2024-03-15,141.49978637695312,412.5075988769531,87.80813598632812
2024-03-18,147.780029296875,413.39910888671875,88.42594146728516
2024-03-19,147.22268676757812,417.4507141113281,89.36864471435547
2024-03-20,148.97438049316406,421.23480224609375,90.34231567382812
2024-03-21,148.03883361816406,425.33587646484375,91.40496063232422
2024-03-22,151.05455017089844,424.71185302734375,94.2580337524414
2024-03-25,150.4374542236328,418.8870544433594,94.97078704833984
2024-03-26,150.98486328125,417.6884460449219,92.53058624267578
2024-03-27,151.22372436523438,417.4704895019531,90.22034454345703
2024-03-28,151.54222106933594,416.76715087890625,90.3263168334961
2024-04-01,155.76222229003906,420.58099365234375,90.33331298828125
2024-04-02,155.13519287109375,417.4804382324219,89.42261505126953
2024-04-03,155.63284301757812,416.49969482421875,88.93477630615234
2024-04-04,151.22372436523438,413.953857421875,85.87677764892578
2024-04-05,153.21432495117188,421.52203369140625,87.97908782958984
2024-04-08,155.4039306640625,420.6007995605469,87.10437774658203
2024-04-09,157.39451599121094,422.2749328613281,85.3259506225586
2024-04-10,156.91676330566406,419.2833251953125,87.01040649414062
2024-04-11,160.0320281982422,423.909423828125,90.58623504638672
2024-04-12,158.43955993652344,417.93609619140625,88.15702819824219
2024-04-15,155.59303283691406,409.7536926269531,85.97274780273438
2024-04-16,155.2646026611328,410.684814453125,87.38628387451172
2024-04-17,156.14044189453125,407.9706115722656,84.00739288330078
2024-04-18,156.71771240234375,400.4717102050781,84.6431884765625
2024-04-19,154.98590087890625,395.3701171875,76.17497253417969
2024-04-22,157.20541381835938,397.19281005859375,79.49188232421875
2024-04-23,159.16610717773438,403.74072265625,82.39592742919922
2024-04-24,160.34056091308594,405.21673583984375,79.65083312988281
2024-04-25,157.20541381835938,395.2908630371094,82.6048583984375
2024-04-26,172.87120056152344,402.50250244140625,87.70618438720703
2024-04-29,167.10848999023438,398.4706726074219,87.7281723022461
2024-04-30,163.86386108398438,385.67205810546875,86.37361907958984
2024-05-01,164.78948974609375,391.2294006347656,83.01371765136719
2024-05-02,167.66587829589844,394.10211181640625,85.78881072998047
2024-05-03,168.193359375,402.8392333984375,88.75983428955078
2024-05-06,169.02940368652344,409.6546325683594,92.10973358154297
2024-05-07,172.16456604003906,405.49407958984375,90.52425384521484
2024-05-08,170.35313415527344,406.6828308105469,90.3823013305664
2024-05-09,170.7711639404297,408.44610595703125,88.71784973144531
2024-05-10,169.4872283935547,410.84332275390625,89.84846496582031
2024-05-13,170.09434509277344,409.83294677734375,90.36931610107422
2024-05-14,171.1195068359375,412.646240234375,91.32599639892578
2024-05-15,173.06031799316406,419.86090087890625,94.59891510009766
2024-05-16,174.60301208496094,417.7868347167969,94.3280029296875
2024-05-17,176.4542236328125,417.01275634765625,92.4486083984375
2024-05-20,177.6187286376953,422.1037292480469,94.74886322021484
2024-05-21,178.693603515625,425.775634765625,95.35466766357422
2024-05-22,177.16090393066406,427.24432373046875,94.91881561279297
2024-05-23,174.2347412109375,423.7510986328125,103.76490783691406
2024-05-24,175.49876403808594,426.8870849609375,106.43402862548828
2024-05-28,177.1807861328125,427.04583740234375,113.86358642578125
2024-05-29,176.56369018554688,425.9046325683594,114.78727722167969
2024-05-30,172.7418212890625,411.5149230957031,110.46369934082031
2024-05-31,173.1399383544922,411.971435546875,109.59699249267578
2024-06-03,173.5977783203125,410.3736572265625,114.96222686767578
2024-06-04,174.30442810058594,412.904296875,116.39875793457031
2024-06-05,176.23529052734375,420.78387451171875,122.39977264404297
2024-06-06,177.50924682617188,421.2899475097656,120.95824432373047
2024-06-07,175.12054443359375,420.6250915527344,120.8482894897461
2024-06-10,175.99737548828125,424.6144714355469,121.74999237060547
2024-06-11,177.5518035888672,429.38787841796875,120.88021087646484
2024-06-12,178.91690063476562,437.7041320800781,125.16914367675781
2024-06-13,176.10699462890625,438.2201843261719,129.57806396484375
2024-06-14,177.7311553955078,439.2026672363281,131.84751892089844
2024-06-17,178.1396942138672,444.9585266113281,130.94773864746094
2024-06-18,175.8180389404297,442.9439697265625,135.54660034179688
2024-06-20,177.0735321044922,442.308837890625,130.74777221679688
2024-06-21,179.6143798828125,446.3577880859375,126.53881072998047
2024-06-24,180.14248657226562,444.2638854980469,118.08089447021484
2024-06-25,184.91534423828125,447.5188903808594,126.05892181396484
2024-06-26,184.70606994628906,448.71966552734375,126.36886596679688
2024-06-27,186.1907501220703,449.4044189453125,123.9594497680664
2024-06-28,182.7630615234375,443.5493469238281,123.50955963134766
2024-07-01,183.82925415039062,453.2549133300781,124.26937866210938
2024-07-02,185.941650390625,455.7854919433594,122.6397705078125
2024-07-03,186.71884155273438,457.26416015625,128.24839782714844
2024-07-05,191.27249145507812,464.00250244140625,125.79899597167969
2024-07-08,189.79779052734375,462.69256591796875,128.16839599609375
2024-07-09,189.7579345703125,456.0435485839844,131.34764099121094
2024-07-10,191.96998596191406,462.7024841308594,134.87677001953125
2024-07-11,186.62918090820312,451.2403564453125,127.36861419677734
2024-07-12,186.1110382080078,450.0990905761719,129.20816040039062
2024-07-15,187.5159912109375,450.5060119628906,128.40835571289062
2024-07-16,184.83563232421875,446.09979248046875,126.32886505126953
2024-07-17,181.9659423828125,440.1454162597656,117.96092224121094
2024-07-18,178.578125,437.0193786621094,121.0601577758789
2024-07-19,178.74749755859375,433.7841796875,117.90094757080078
2024-07-22,182.69332885742188,439.5698547363281,123.50955963134766
2024-07-23,182.94244384765625,441.46533203125,122.5597915649414
2024-07-24,173.7454833984375,425.63665771484375,114.22184753417969
2024-07-25,168.55413818359375,415.216552734375,112.25233459472656
2024-07-26,168.07586669921875,422.0342712402344,113.03213500976562
2024-07-29,170.51710510253906,423.483154296875,111.5625
2024-07-30,171.24447631835938,419.7021789550781,103.7044448852539
2024-07-31,172.52984619140625,415.1669616699219,116.99116516113281
2024-08-01,171.8323516845703,413.9363708496094,109.18309783935547
2024-08-02,167.796875,405.3819274902344,107.24356079101562
2024-08-05,160.06466674804688,392.1434326171875,100.42524719238281
2024-08-06,159.9650115966797,396.56951904296875,104.22431182861328
2024-08-07,160.1742706298828,395.39849853515625,98.88563537597656
2024-08-08,163.25318908691406,399.6260986328125,104.94413757324219
2024-08-09,164.7976531982422,402.93072509765625,104.72418975830078
2024-08-12,163.36280822753906,403.7147521972656,108.99313354492188
2024-08-13,165.33570861816406,410.8599548339844,116.11138153076172
2024-08-14,161.44969177246094,413.6882629394531,118.05091094970703
2024-08-15,162.58560180664062,418.5796203613281,122.8297348022461
2024-08-16,164.1499786376953,416.0345458984375,124.54930114746094
2024-08-19,167.796875,419.0767517089844,129.9679718017578
2024-08-20,168.35487365722656,422.32769775390625,127.21864318847656
2024-08-21,167.02963256835938,421.6715393066406,128.46835327148438
2024-08-22,164.8972930908203,413.13153076171875,123.70951843261719
2024-08-23,166.83033752441406,414.36431884765625,129.33811950683594
2024-08-26,167.32855224609375,411.08349609375,126.42884063720703
2024-08-27,165.78411865234375,411.43145751953125,128.26840209960938
2024-08-28,163.91082763671875,408.2103576660156,125.57905578613281
2024-08-29,162.8147735595703,410.7156982421875,117.56102752685547
2024-08-30,164.51866149902344,414.7122802734375,119.34059143066406
2024-09-03,158.04193115234375,407.0570983886719,107.973388671875
2024-09-04,157.2447967529297,406.5202331542969,106.18383026123047
2024-09-05,158.03196716308594,406.01318359375,107.18358612060547
2024-09-06,151.58514404296875,399.3621520996094,102.8046646118164
2024-09-09,149.20054626464844,403.3587341308594,106.44377136230469
2024-09-10,149.6694793701172,411.7893981933594,108.0733642578125
2024-09-11,151.80462646484375,420.57794189453125,116.88119506835938
2024-09-12,155.1869354248047,424.514892578125,119.12083435058594
2024-09-13,158.01051330566406,428.0840148925781,119.0808334350586
2024-09-16,158.62911987304688,428.82965087890625,116.7612075805664
2024-09-17,159.9161834716797,432.6174621582031,115.57140350341797
2024-09-18,160.44497680664062,428.302734375,113.35176086425781
2024-09-19,162.86947631835938,436.1368713378906,117.85103607177734
2024-09-20,164.2662811279297,432.73675537109375,115.98133850097656
2024-09-23,162.69985961914062,430.9870300292969,116.24130249023438
2024-09-24,163.2685546875,426.67230224609375,120.85055541992188
2024-09-25,162.62002563476562,429.59515380859375,123.4901351928711
2024-09-26,163.4581298828125,428.7998352050781,124.02005004882812
2024-09-27,164.91481018066406,425.5289306640625,121.38047790527344
2024-09-30,166.8105010986328,427.7956848144531,121.42046356201172
2024-10-01,168.03770446777344,418.24163818359375,116.9811782836914
2024-10-02,166.9302215576172,414.70233154296875,118.83087921142578
2024-10-03,166.83045959472656,414.11578369140625,122.83023834228516
2024-10-04,168.17738342285156,413.6385803222656,124.89990234375
2024-10-07,164.016845703125,407.1565246582031,127.69945526123047
2024-10-08,165.32386779785156,412.2964172363281,132.86862182617188
2024-10-09,162.6898651123047,415.0303955078125,132.628662109375
2024-10-10,162.80958557128906,413.41986083984375,134.78831481933594
2024-10-11,164.1465606689453,413.89703369140625,134.7783203125
2024-10-14,165.972412109375,416.7006530761719,138.0478057861328
2024-10-15,166.52114868164062,416.3029479980469,131.57884216308594
2024-10-16,166.3615264892578,413.6982116699219,135.6981658935547
2024-10-17,164.13658142089844,414.2947082519531,136.90797424316406
2024-10-18,164.67535400390625,415.7263488769531,137.97779846191406
2024-10-21,165.4236602783203,416.3427429199219,143.6868896484375
2024-10-22,166.44134521484375,425.0219421386719,143.56690979003906
2024-10-23,164.1066436767578,422.1288757324219,139.5375518798828
2024-10-24,164.1565399169922,422.25811767578125,140.38742065429688
2024-10-25,166.61094665527344,425.658203125,141.51722717285156
2024-10-28,167.9578857421875,424.1072692871094,140.4973907470703
2024-10-29,170.75152587890625,429.43609619140625,141.22727966308594
2024-10-30,175.7401885986328,430.0127258300781,139.3175811767578
2024-10-31,172.2980194091797,403.9850769042969,132.7386474609375
2024-11-01,172.2581024169922,407.981689453125,135.3782196044922
2024-11-04,170.2925567626953,406.0827941894531,136.0281219482422
2024-11-05,171.0209197998047,409.0653381347656,139.8874969482422
2024-11-06,177.9252166748047,417.73455810546875,145.58656311035156
2024-11-07,181.86624145507812,422.9540100097656,148.85606384277344
2024-11-08,179.45175170898438,420.0808410644531,147.6062469482422
2024-11-11,181.55694580078125,415.57720947265625,145.23663330078125
2024-11-12,182.90390014648438,420.5679931640625,148.26612854003906
2024-11-13,180.080322265625,422.7253723144531,146.2464599609375
2024-11-14,176.94744873046875,424.4055480957031,146.7363739013672
2024-11-15,173.4952850341797,412.5847473144531,141.9571533203125
2024-11-18,176.39869689941406,413.34033203125,140.12744140625
2024-11-19,179.17236328125,415.3584899902344,146.98634338378906
2024-11-20,176.92747497558594,413.0718688964844,145.8665313720703
2024-11-21,168.85585021972656,411.2887268066406,146.6464080810547
2024-11-22,166.19192504882812,415.4029235839844,141.92715454101562
2024-11-25,169.04541015625,417.1860656738281,135.9981231689453
2024-11-26,170.2327117919922,426.350830078125,136.89797973632812
2024-11-27,170.43226623535156,421.3699951171875,135.31822204589844
2024-11-29,170.10301208496094,421.8381652832031,138.22776794433594
2024-12-02,172.5873565673828,429.32940673828125,138.60769653320312
2024-12-03,172.6272735595703,429.5485534667969,140.23744201660156
2024-12-04,175.69029235839844,435.7447204589844,145.1166534423828
2024-12-05,173.91433715820312,440.9247741699219,145.04666137695312
2024-12-06,176.0894012451172,441.87115478515625,142.42689514160156
2024-12-09,176.89846801757812,444.3117370605469,138.79722595214844
2024-12-10,186.31773376464844,441.632080078125,135.05758666992188
2024-12-11,196.4861602783203,447.2704162597656,139.29718017578125
2024-12-12,193.40965270996094,447.83819580078125,137.32736206054688
2024-12-13,191.16221618652344,445.5569763183594,134.23765563964844
2024-12-16,197.93450927734375,449.8604431152344,131.98785400390625
2024-12-17,196.8956756591797,452.7194519042969,130.3780059814453
2024-12-18,189.93360900878906,435.71484375,128.8981475830078
2024-12-19,189.484130859375,435.356201171875,130.66796875
2024-12-20,192.74041748046875,434.9278564453125,134.68760681152344
2024-12-23,195.7669677734375,433.5830383300781,139.6571502685547
2024-12-24,197.34518432617188,437.6473693847656,140.2071075439453
2024-12-26,196.87571716308594,436.43206787109375,139.91712951660156
2024-12-27,193.81918334960938,428.881103515625,136.9973907470703
2024-12-30,192.47073364257812,423.2029113769531,137.47735595703125
2024-12-31,190.22328186035156,419.88568115234375,134.27764892578125
2025-01-02,190.41307067871094,416.97686767578125,138.29727172851562
2025-01-03,192.9102325439453,421.7286071777344,144.4567108154297
2025-01-06,197.7347412109375,426.21136474609375,149.41624450683594
2025-01-07,196.4861602783203,420.7523498535156,140.12710571289062
2025-01-08,195.1676483154297,422.9339904785156,140.0971221923828
2025-01-10,192.95018005371094,417.345458984375,135.8975067138672
2025-01-13,192.0711669921875,415.5921936035156,133.21774291992188
2025-01-14,190.8325958251953,414.0780334472656,131.7478790283203
2025-01-15,196.75584411621094,424.6772766113281,136.22747802734375
2025-01-16,194.1887664794922,422.953857421875,133.55772399902344
2025-01-17,197.3251953125,427.3868713378906,137.6973419189453
2025-01-21,199.40283203125,426.8588562011719,140.81704711914062
2025-01-22,199.8023681640625,444.4911193847656,147.05648803710938
2025-01-23,199.35289001464844,444.9991149902344,147.2064666748047
2025-01-24,201.6702423095703,442.3592834472656,142.60687255859375
2025-01-27,193.54949951171875,432.8956604003906,118.40910339355469
2025-01-28,196.8457489013672,445.4872741699219,128.9781494140625
2025-01-29,196.9556121826172,440.6358947753906,123.6886215209961
2025-01-30,202.3994140625,413.4006042480469,124.63853454589844
2025-01-31,205.3660430908203,413.4703674316406,120.0589599609375
2025-02-03,202.40939331054688,409.3462219238281,116.64927673339844
2025-02-04,207.4736328125,410.7906494140625,118.63909149169922
2025-02-05,193.0800323486328,411.7071533203125,124.81851959228516
2025-02-06,193.0900115966797,414.2274475097656,128.66815185546875
2025-02-07,186.92703247070312,408.1806945800781,129.8280487060547
2025-02-10,187.98582458496094,410.6412353515625,133.55772399902344
2025-02-11,186.8571319580078,409.8642272949219,132.7877960205078
2025-02-12,185.21897888183594,407.4734191894531,131.12794494628906
2025-02-13,187.66619873046875,408.9676818847656,135.27755737304688
2025-02-14,186.6573486328125,406.86572265625,138.8372344970703
2025-02-18,185.58856201171875,408.0711364746094,139.38717651367188
2025-02-19,186.91705322265625,413.18145751953125,139.21719360351562
2025-02-20,186.4276123046875,415.3674621582031,140.0971221923828
2025-02-21,181.3733673095703,407.4619445800781,134.41763305664062
2025-02-24,180.9838104248047,403.2596740722656,130.2680206298828
2025-02-25,177.16815185546875,397.17083740234375,126.61835479736328
2025-02-26,174.50119018554688,398.99749755859375,131.26792907714844
2025-02-27,170.0163116455078,391.8106994628906,120.13895416259766
2025-02-28,172.02401733398438,396.26251220703125,124.90850830078125
2025-03-03,168.46807861328125,387.778076171875,114.04950714111328
2025-03-04,172.41357421875,387.8978576660156,115.97933197021484
2025-03-05,174.79087829589844,400.2851257324219,117.28921508789062
2025-03-06,174.0117645263672,396.1627197265625,110.55982971191406
2025-03-07,175.5500030517578,392.5892639160156,112.67964172363281
2025-03-10,167.80999755859375,379.46337890625,106.97016143798828
2025-03-11,165.97999572753906,379.7528381347656,108.75
2025-03-12,169.0,382.5676574707031,115.73999786376953
2025-03-13,164.72999572753906,378.0758972167969,115.58000183105469
2025-03-14,167.6199951171875,387.84796142578125,121.66999816894531
2025-03-17,166.57000732421875,387.98773193359375,119.52999877929688
2025-03-18,162.6699981689453,382.81719970703125,115.43000030517578
2025-03-19,166.27999877929688,387.1093444824219,117.5199966430664
2025-03-20,165.0500030517578,386.131103515625,118.52999877929688
2025-03-21,166.25,390.54302978515625,117.69999694824219
2025-03-24,169.92999267578125,392.35968017578125,121.41000366210938
2025-03-25,172.7899932861328,394.4358825683594,120.69000244140625
2025-03-26,167.13999938964844,389.2554016113281,113.76000213623047
2025-03-27,164.0800018310547,389.8642578125,111.43000030517578
2025-03-28,156.05999755859375,378.1058349609375,109.66999816894531
2025-03-31,156.22999572753906,374.7021179199219,108.37999725341797
2025-04-01,158.8800048828125,381.4896545410156,110.1500015258789
2025-04-02,158.86000061035156,381.43975830078125,110.41999816894531
2025-04-03,152.6300048828125,372.42626953125,101.80000305175781
2025-04-04,147.74000549316406,359.18060302734375,94.30999755859375
2025-04-07,149.24000549316406,357.2042236328125,97.63999938964844
2025-04-08,146.5800018310547,353.9102783203125,96.30000305175781
2025-04-09,161.05999755859375,389.7744140625,114.33000183105469
2025-04-10,155.3699951171875,380.65118408203125,107.56999969482422
2025-04-11,159.39999389648438,387.7381896972656,110.93000030517578
2025-04-14,161.47000122070312,387.0993347167969,110.70999908447266
2025-04-15,158.67999267578125,385.0231628417969,112.19999694824219
2025-04-16,155.5,370.92901611328125,104.48999786376953
2025-04-17,153.36000061035156,367.1060485839844,101.48999786376953
2025-04-21,149.86000061035156,358.4619140625,96.91000366210938
2025-04-22,153.89999389648438,366.1478271484375,98.88999938964844
2025-04-23,157.72000122070312,373.7039489746094,102.70999908447266
2025-04-24,161.47000122070312,386.59027099609375,106.43000030517578
2025-04-25,163.85000610351562,391.1319580078125,111.01000213623047
2025-04-28,162.4199981689453,390.4432067871094,108.7300033569336
2025-04-29,162.05999755859375,393.31793212890625,109.0199966430664
2025-04-30,160.88999938964844,394.53570556640625,108.91999816894531
2025-05-01,162.7899932861328,424.6204528808594,111.61000061035156
2025-05-02,165.80999755859375,434.48236083984375,114.5
2025-05-05,166.0500030517578,435.3707275390625,113.81999969482422
2025-05-06,165.1999969482422,432.5159606933594,113.54000091552734
2025-05-07,152.8000030517578,432.555908203125,117.05999755859375
2025-05-08,155.75,437.3670654296875,117.37000274658203
2025-05-09,154.3800048828125,437.9260559082031,116.6500015258789
2025-05-12,159.5800018310547,448.4367370605469,123.0
2025-05-13,160.88999938964844,448.3169860839844,129.92999267578125
2025-05-14,166.80999755859375,452.1099853515625,135.33999633789062
2025-05-15,165.39999389648438,453.1300048828125,134.8300018310547
2025-05-16,167.42999267578125,454.2699890136719,135.39999389648438
2025-05-19,167.8699951171875,458.8699951171875,135.57000732421875
